depth,nodes,AUC
10,5,0.99375
10,10,0.99917
10,15,0.99667
20,5,0.9975
20,10,1
20,15,0.99833
30,5,0.99667
30,10,0.9825
30,15,0.99583
